segment,factor_type,factor_key,coefficient
CND,demographic,F0_34,0.238
CPD,demographic,F0_34,0.454
CFD,demographic,F0_34,0.346
INS,demographic,F0_34,0.948
CND,demographic,F35_44,0.288
CPD,demographic,F35_44,0.42
CFD,demographic,F35_44,0.332
INS,demographic,F35_44,0.81
CND,demographic,F45_54,0.34
CPD,demographic,F45_54,0.404
CFD,demographic,F45_54,0.384
INS,demographic,F45_54,1.031
CND,demographic,F55_59,0.385
CPD,demographic,F55_59,0.424
CFD,demographic,F55_59,0.421
INS,demographic,F55_59,0.949
CND,demographic,F60_64,0.436
CPD,demographic,F60_64,0.414
CFD,demographic,F60_64,0.502
INS,demographic,F60_64,0.881
CNA,demographic,F65_69,0.33
CPA,demographic,F65_69,0.365
CFA,demographic,F65_69,0.435
INS,demographic,F65_69,1.188
CNA,demographic,F70_74,0.395
CPA,demographic,F70_74,0.423
CFA,demographic,F70_74,0.506
INS,demographic,F70_74,1.119
CNA,demographic,F75_79,0.465
CPA,demographic,F75_79,0.485
CFA,demographic,F75_79,0.596
INS,demographic,F75_79,0.965
CNA,demographic,F80_84,0.524
CPA,demographic,F80_84,0.544
CFA,demographic,F80_84,0.665
INS,demographic,F80_84,0.862
CNA,demographic,F85_89,0.624
CPA,demographic,F85_89,0.618
CFA,demographic,F85_89,0.775
INS,demographic,F85_89,0.75
CNA,demographic,F90_94,0.737
CPA,demographic,F90_94,0.738
CFA,demographic,F90_94,0.869
INS,demographic,F90_94,0.627
CNA,demographic,F95_GT,0.742
CPA,demographic,F95_GT,0.835
CFA,demographic,F95_GT,0.877
INS,demographic,F95_GT,0.481
CND,demographic,M0_34,0.106
CPD,demographic,M0_34,0.306
CFD,demographic,M0_34,0.191
INS,demographic,M0_34,0.826
CND,demographic,M35_44,0.154
CPD,demographic,M35_44,0.261
CFD,demographic,M35_44,0.204
INS,demographic,M35_44,0.719
CND,demographic,M45_54,0.215
CPD,demographic,M45_54,0.3
CFD,demographic,M45_54,0.293
INS,demographic,M45_54,0.991
CND,demographic,M55_59,0.283
CPD,demographic,M55_59,0.353
CFD,demographic,M55_59,0.41
INS,demographic,M55_59,0.989
CND,demographic,M60_64,0.345
CPD,demographic,M60_64,0.374
CFD,demographic,M60_64,0.504
INS,demographic,M60_64,0.917
CNA,demographic,M65_69,0.332
CPA,demographic,M65_69,0.375
CFA,demographic,M65_69,0.531
INS,demographic,M65_69,1.275
CNA,demographic,M70_74,0.396
CPA,demographic,M70_74,0.417
CFA,demographic,M70_74,0.626
INS,demographic,M70_74,1.224
CNA,demographic,M75_79,0.502
CPA,demographic,M75_79,0.498
CFA,demographic,M75_79,0.714
INS,demographic,M75_79,1.319
CNA,demographic,M80_84,0.571
CPA,demographic,M80_84,0.565
CFA,demographic,M80_84,0.789
INS,demographic,M80_84,1.238
CNA,demographic,M85_89,0.664
CPA,demographic,M85_89,0.615
CFA,demographic,M85_89,0.907
INS,demographic,M85_89,1.135
CNA,demographic,M90_94,0.8
CPA,demographic,M90_94,0.712
CFA,demographic,M90_94,0.993
INS,demographic,M90_94,0.946
CNA,demographic,M95_GT,0.896
CPA,demographic,M95_GT,0.904
CFA,demographic,M95_GT,1.058
INS,demographic,M95_GT,0.825
CNA,demographic_interaction,OriginallyDisabled_Female,0.228
CPA,demographic_interaction,OriginallyDisabled_Female,0.103
CFA,demographic_interaction,OriginallyDisabled_Female,0.16
CNA,demographic_interaction,OriginallyDisabled_Male,0.135
CPA,demographic_interaction,OriginallyDisabled_Male,0.075
CFA,demographic_interaction,OriginallyDisabled_Male,0.158
INS,demographic_interaction,ORIGDIS,0
INS,demographic_interaction,LTIMCAID,0.13
CNA,hcc,HCC1,0.301
CPA,hcc,HCC1,0.196
CFA,hcc,HCC1,0.397
CND,hcc,HCC1,0.213
CPD,hcc,HCC1,0.109
CFD,hcc,HCC1,0.237
INS,hcc,HCC1,1.322
CNA,hcc,HCC2,0.5
CPA,hcc,HCC2,0.447
CFA,hcc,HCC2,0.649
CND,hcc,HCC2,0.598
CPD,hcc,HCC2,0.591
CFD,hcc,HCC2,0.78
INS,hcc,HCC2,0.605
CNA,hcc,HCC6,0.381
CPA,hcc,HCC6,0.518
CFA,hcc,HCC6,0.588
CND,hcc,HCC6,0.763
CPD,hcc,HCC6,0.685
CFD,hcc,HCC6,0.833
INS,hcc,HCC6,0.728
CNA,hcc,HCC17,4.209
CPA,hcc,HCC17,3.946
CFA,hcc,HCC17,3.896
CND,hcc,HCC17,3.995
CPD,hcc,HCC17,4.103
CFD,hcc,HCC17,4.235
INS,hcc,HCC17,1.952
CNA,hcc,HCC18,2.341
CPA,hcc,HCC18,2.166
CFA,hcc,HCC18,2.277
CND,hcc,HCC18,2.486
CPD,hcc,HCC18,2.403
CFD,hcc,HCC18,2.537
INS,hcc,HCC18,1.11
CNA,hcc,HCC19,1.798
CPA,hcc,HCC19,1.52
CFA,hcc,HCC19,1.563
CND,hcc,HCC19,1.989
CPD,hcc,HCC19,1.554
CFD,hcc,HCC19,1.661
INS,hcc,HCC19,0.957
CNA,hcc,HCC20,1.136
CPA,hcc,HCC20,1.214
CFA,hcc,HCC20,1.166
CND,hcc,HCC20,0.978
CPD,hcc,HCC20,1.067
CFD,hcc,HCC20,1.173
INS,hcc,HCC20,0.672
CNA,hcc,HCC21,0.671
CPA,hcc,HCC21,0.627
CFA,hcc,HCC21,0.654
CND,hcc,HCC21,0.54
CPD,hcc,HCC21,0.618
CFD,hcc,HCC21,0.739
INS,hcc,HCC21,0.493
CNA,hcc,HCC22,0.363
CPA,hcc,HCC22,0.41
CFA,hcc,HCC22,0.382
CND,hcc,HCC22,0.366
CPD,hcc,HCC22,0.351
CFD,hcc,HCC22,0.409
INS,hcc,HCC22,0.314
CNA,hcc,HCC23,0.186
CPA,hcc,HCC23,0.203
CFA,hcc,HCC23,0.196
CND,hcc,HCC23,0.233
CPD,hcc,HCC23,0.237
CFD,hcc,HCC23,0.218
INS,hcc,HCC23,0.197
CNA,hcc,HCC35,0.949
CPA,hcc,HCC35,1.117
CFA,hcc,HCC35,1.117
CND,hcc,HCC35,1.393
CPD,hcc,HCC35,2.74
CFD,hcc,HCC35,0.573
INS,hcc,HCC35,1.106
CNA,hcc,HCC36,0.166
CPA,hcc,HCC36,0.166
CFA,hcc,HCC36,0.186
CND,hcc,HCC36,0.191
CPD,hcc,HCC36,0.21
CFD,hcc,HCC36,0.235
INS,hcc,HCC36,0.28
CNA,hcc,HCC37,0.166
CPA,hcc,HCC37,0.166
CFA,hcc,HCC37,0.186
CND,hcc,HCC37,0.191
CPD,hcc,HCC37,0.21
CFD,hcc,HCC37,0.235
INS,hcc,HCC37,0.28
CNA,hcc,HCC38,0.166
CPA,hcc,HCC38,0.166
CFA,hcc,HCC38,0.186
CND,hcc,HCC38,0.191
CPD,hcc,HCC38,0.21
CFD,hcc,HCC38,0.235
INS,hcc,HCC38,0.28
CNA,hcc,HCC48,0.186
CPA,hcc,HCC48,0.164
CFA,hcc,HCC48,0.3
CND,hcc,HCC48,0.144
CPD,hcc,HCC48,0.118
CFD,hcc,HCC48,0.178
INS,hcc,HCC48,0.442
CNA,hcc,HCC49,9.256
CPA,hcc,HCC49,3.269
CFA,hcc,HCC49,2.833
CND,hcc,HCC49,13.778
CPD,hcc,HCC49,7.771
CFD,hcc,HCC49,6.399
INS,hcc,HCC49,1.528
CNA,hcc,HCC50,0.648
CPA,hcc,HCC50,0.435
CFA,hcc,HCC50,0.555
CND,hcc,HCC50,0.883
CPD,hcc,HCC50,0.529
CFD,hcc,HCC50,0.789
INS,hcc,HCC50,0.362
CNA,hcc,HCC51,0.51
CPA,hcc,HCC51,0.313
CFA,hcc,HCC51,0.634
CND,hcc,HCC51,0.606
CPD,hcc,HCC51,0.393
CFD,hcc,HCC51,0.654
INS,hcc,HCC51,0.62
CNA,hcc,HCC62,0.376
CPA,hcc,HCC62,0.571
CFA,hcc,HCC62,0.261
CND,hcc,HCC62,0.184
CPD,hcc,HCC62,0.271
CFD,hcc,HCC62,0.409
INS,hcc,HCC62,0.593
CNA,hcc,HCC63,0.962
CPA,hcc,HCC63,0.861
CFA,hcc,HCC63,1.102
CND,hcc,HCC63,1.032
CPD,hcc,HCC63,1.101
CFD,hcc,HCC63,1.209
INS,hcc,HCC63,0.894
CNA,hcc,HCC64,0.447
CPA,hcc,HCC64,0.391
CFA,hcc,HCC64,0.475
CND,hcc,HCC64,0.383
CPD,hcc,HCC64,0.27
CFD,hcc,HCC64,0.414
INS,hcc,HCC64,0.378
CNA,hcc,HCC65,0.185
CPA,hcc,HCC65,0.156
CFA,hcc,HCC65,0.101
CND,hcc,HCC65,0.248
CPD,hcc,HCC65,0.189
CFD,hcc,HCC65,0.22
INS,hcc,HCC65,0.378
CNA,hcc,HCC68,0.388
CPA,hcc,HCC68,0.391
CFA,hcc,HCC68,0.085
CND,hcc,HCC68,0.383
CPD,hcc,HCC68,0.27
CFD,hcc,HCC68,0.354
INS,hcc,HCC68,0.09
CNA,hcc,HCC77,1.172
CPA,hcc,HCC77,5.039
CFA,hcc,HCC77,5.039
CND,hcc,HCC77,6.301
CPD,hcc,HCC77,5.039
CFD,hcc,HCC77,6.161
INS,hcc,HCC77,5.089
CNA,hcc,HCC78,0.326
CPA,hcc,HCC78,0.478
CFA,hcc,HCC78,0.382
CND,hcc,HCC78,0.534
CPD,hcc,HCC78,0.688
CFD,hcc,HCC78,0.548
INS,hcc,HCC78,0.38
CNA,hcc,HCC79,0.357
CPA,hcc,HCC79,0.444
CFA,hcc,HCC79,0.525
CND,hcc,HCC79,0.574
CPD,hcc,HCC79,0.709
CFD,hcc,HCC79,0.799
INS,hcc,HCC79,0.218
CNA,hcc,HCC80,0.55
CPA,hcc,HCC80,0.479
CFA,hcc,HCC80,0.49
CND,hcc,HCC80,0.635
CPD,hcc,HCC80,0.603
CFD,hcc,HCC80,0.651
INS,hcc,HCC80,0.374
CNA,hcc,HCC81,0.244
CPA,hcc,HCC81,0.205
CFA,hcc,HCC81,0.201
CND,hcc,HCC81,0.285
CPD,hcc,HCC81,0.237
CFD,hcc,HCC81,0.286
INS,hcc,HCC81,0.258
CNA,hcc,HCC92,0.479
CPA,hcc,HCC92,0.471
CFA,hcc,HCC92,0.611
CND,hcc,HCC92,0.529
CPD,hcc,HCC92,0.539
CFD,hcc,HCC92,0.632
INS,hcc,HCC92,0.556
CNA,hcc,HCC93,0.617
CPA,hcc,HCC93,0.405
CFA,hcc,HCC93,0.439
CND,hcc,HCC93,0.47
CPD,hcc,HCC93,0.288
CFD,hcc,HCC93,0.384
INS,hcc,HCC93,0.297
CNA,hcc,HCC94,0.268
CPA,hcc,HCC94,0.224
CFA,hcc,HCC94,0.237
CND,hcc,HCC94,0.239
CPD,hcc,HCC94,0.196
CFD,hcc,HCC94,0.25
INS,hcc,HCC94,0.297
CNA,hcc,HCC107,0.457
CPA,hcc,HCC107,0.303
CFA,hcc,HCC107,0.61
CND,hcc,HCC107,1.449
CPD,hcc,HCC107,1.569
CFD,hcc,HCC107,1.939
INS,hcc,HCC107,0.692
CNA,hcc,HCC108,0.146
CPA,hcc,HCC108,0.303
CFA,hcc,HCC108,0.103
CND,hcc,HCC108,0.386
CPD,hcc,HCC108,0.416
CFD,hcc,HCC108,0.408
INS,hcc,HCC108,0.098
CNA,hcc,HCC109,1.144
CPA,hcc,HCC109,1.009
CFA,hcc,HCC109,1.048
CND,hcc,HCC109,1.815
CPD,hcc,HCC109,1.514
CFD,hcc,HCC109,1.541
INS,hcc,HCC109,0.529
CNA,hcc,HCC111,4.639
CPA,hcc,HCC111,11.201
CFA,hcc,HCC111,15.539
CND,hcc,HCC111,30.706
CPD,hcc,HCC111,32.199
CFD,hcc,HCC111,31.424
INS,hcc,HCC111,6.31
CNA,hcc,HCC112,0.45
CPA,hcc,HCC112,0.574
CFA,hcc,HCC112,0.46
CND,hcc,HCC112,0.64
CPD,hcc,HCC112,0.708
CFD,hcc,HCC112,0.634
INS,hcc,HCC112,0.516
CNA,hcc,HCC114,2.262
CPA,hcc,HCC114,2.137
CFA,hcc,HCC114,2.016
CND,hcc,HCC114,2.598
CPD,hcc,HCC114,2.789
CFD,hcc,HCC114,2.67
INS,hcc,HCC114,0.691
CNA,hcc,HCC115,0.565
CPA,hcc,HCC115,0.302
CFA,hcc,HCC115,0.438
CND,hcc,HCC115,0.692
CPD,hcc,HCC115,0.613
CFD,hcc,HCC115,0.498
INS,hcc,HCC115,0.691
CNA,hcc,HCC125,0.341
CPA,hcc,HCC125,0.401
CFA,hcc,HCC125,0.438
CND,hcc,HCC125,0.296
CPD,hcc,HCC125,0.345
CFD,hcc,HCC125,0.367
INS,hcc,HCC125,0
CNA,hcc,HCC126,0.341
CPA,hcc,HCC126,0.401
CFA,hcc,HCC126,0.438
CND,hcc,HCC126,0.296
CPD,hcc,HCC126,0.345
CFD,hcc,HCC126,0.367
INS,hcc,HCC126,0
CNA,hcc,HCC127,0.341
CPA,hcc,HCC127,0.401
CFA,hcc,HCC127,0.438
CND,hcc,HCC127,0.296
CPD,hcc,HCC127,0.345
CFD,hcc,HCC127,0.367
INS,hcc,HCC127,0
CNA,hcc,HCC135,0.424
CPA,hcc,HCC135,0.522
CFA,hcc,HCC135,0.702
CND,hcc,HCC135,0.637
CPD,hcc,HCC135,0.922
CFD,hcc,HCC135,1.181
INS,hcc,HCC135,0.297
CNA,hcc,HCC136,0.424
CPA,hcc,HCC136,0.522
CFA,hcc,HCC136,0.502
CND,hcc,HCC136,0.637
CPD,hcc,HCC136,0.922
CFD,hcc,HCC136,1.181
INS,hcc,HCC136,0.297
CNA,hcc,HCC137,0.424
CPA,hcc,HCC137,0.394
CFA,hcc,HCC137,0.502
CND,hcc,HCC137,0.365
CPD,hcc,HCC137,0.348
CFD,hcc,HCC137,0.471
INS,hcc,HCC137,0.297
CNA,hcc,HCC138,0.423
CPA,hcc,HCC138,0.355
CFA,hcc,HCC138,0.502
CND,hcc,HCC138,0.264
CPD,hcc,HCC138,0.348
CFD,hcc,HCC138,0.384
INS,hcc,HCC138,0.297
CNA,hcc,HCC139,0.242
CPA,hcc,HCC139,0.308
CFA,hcc,HCC139,0.478
CND,hcc,HCC139,0.207
CPD,hcc,HCC139,0.159
CFD,hcc,HCC139,0.25
INS,hcc,HCC139,0
CNA,hcc,HCC151,0.511
CPA,hcc,HCC151,0.501
CFA,hcc,HCC151,0.591
CND,hcc,HCC151,0.38
CPD,hcc,HCC151,0.304
CFD,hcc,HCC151,0.414
INS,hcc,HCC151,0.449
CNA,hcc,HCC152,0.484
CPA,hcc,HCC152,0.501
CFA,hcc,HCC152,0.579
CND,hcc,HCC152,0.29
CPD,hcc,HCC152,0.247
CFD,hcc,HCC152,0.255
INS,hcc,HCC152,0.208
CNA,hcc,HCC153,0.396
CPA,hcc,HCC153,0.464
CFA,hcc,HCC153,0.42
CND,hcc,HCC153,0.29
CPD,hcc,HCC153,0.232
CFD,hcc,HCC153,0.255
INS,hcc,HCC153,0.199
CNA,hcc,HCC154,0.351
CPA,hcc,HCC154,0.314
CFA,hcc,HCC154,0.349
CND,hcc,HCC154,0.166
CPD,hcc,HCC154,0.108
CFD,hcc,HCC154,0.126
INS,hcc,HCC154,0.199
CNA,hcc,HCC155,0.299
CPA,hcc,HCC155,0.269
CFA,hcc,HCC155,0.316
CND,hcc,HCC155,0.166
CPD,hcc,HCC155,0.108
CFD,hcc,HCC155,0.126
INS,hcc,HCC155,0.199
CNA,hcc,HCC180,1.125
CPA,hcc,HCC180,1.311
CFA,hcc,HCC180,1.068
CND,hcc,HCC180,0.986
CPD,hcc,HCC180,1.399
CFD,hcc,HCC180,1.095
INS,hcc,HCC180,0.735
CNA,hcc,HCC181,0.942
CPA,hcc,HCC181,0.883
CFA,hcc,HCC181,0.859
CND,hcc,HCC181,0.648
CPD,hcc,HCC181,0.852
CFD,hcc,HCC181,0.832
INS,hcc,HCC181,0.563
CNA,hcc,HCC182,0.478
CPA,hcc,HCC182,0.401
CFA,hcc,HCC182,0.402
CND,hcc,HCC182,0.368
CPD,hcc,HCC182,0.316
CFD,hcc,HCC182,0.308
INS,hcc,HCC182,0.27
CNA,hcc,HCC190,1.175
CPA,hcc,HCC190,0.64
CFA,hcc,HCC190,1.427
CND,hcc,HCC190,1.792
CPD,hcc,HCC190,1.243
CFD,hcc,HCC190,3.642
INS,hcc,HCC190,0.628
CNA,hcc,HCC191,0.855
CPA,hcc,HCC191,0.84
CFA,hcc,HCC191,0.393
CND,hcc,HCC191,0.743
CPD,hcc,HCC191,0.104
CFD,hcc,HCC191,0.466
INS,hcc,HCC191,0
CNA,hcc,HCC192,0.314
CPA,hcc,HCC192,0.22
CFA,hcc,HCC192,0
CND,hcc,HCC192,0.129
CPD,hcc,HCC192,0.104
CFD,hcc,HCC192,0.067
INS,hcc,HCC192,0
CNA,hcc,HCC193,1.692
CPA,hcc,HCC193,1.149
CFA,hcc,HCC193,0.957
CND,hcc,HCC193,1.427
CPD,hcc,HCC193,0.85
CFD,hcc,HCC193,0.939
INS,hcc,HCC193,0.913
CNA,hcc,HCC195,2.909
CPA,hcc,HCC195,2.69
CFA,hcc,HCC195,2.153
CND,hcc,HCC195,3.633
CPD,hcc,HCC195,1.779
CFD,hcc,HCC195,3.323
INS,hcc,HCC195,1.837
CNA,hcc,HCC196,0.516
CPA,hcc,HCC196,0.427
CFA,hcc,HCC196,0.503
CND,hcc,HCC196,0.642
CPD,hcc,HCC196,0.248
CFD,hcc,HCC196,0.507
INS,hcc,HCC196,0.486
CNA,hcc,HCC197,0.426
CPA,hcc,HCC197,0.162
CFA,hcc,HCC197,0.369
CND,hcc,HCC197,0.632
CPD,hcc,HCC197,0.145
CFD,hcc,HCC197,0.681
INS,hcc,HCC197,0.292
CNA,hcc,HCC198,0.647
CPA,hcc,HCC198,0.569
CFA,hcc,HCC198,0.791
CND,hcc,HCC198,0.908
CPD,hcc,HCC198,0.77
CFD,hcc,HCC198,1.143
INS,hcc,HCC198,0.226
CNA,hcc,HCC199,0.615
CPA,hcc,HCC199,0.474
CFA,hcc,HCC199,0.634
CND,hcc,HCC199,0.517
CPD,hcc,HCC199,0.354
CFD,hcc,HCC199,0.504
INS,hcc,HCC199,0.219
CNA,hcc,HCC200,0.279
CPA,hcc,HCC200,0.05
CFA,hcc,HCC200,0.165
CND,hcc,HCC200,0.208
CPD,hcc,HCC200,0.428
CFD,hcc,HCC200,0.281
INS,hcc,HCC200,0
CNA,hcc,HCC201,0.245
CPA,hcc,HCC201,0.245
CFA,hcc,HCC201,0.233
CND,hcc,HCC201,0.196
CPD,hcc,HCC201,0.202
CFD,hcc,HCC201,0.17
INS,hcc,HCC201,0.131
CNA,hcc,HCC202,0.543
CPA,hcc,HCC202,0.549
CFA,hcc,HCC202,0.721
CND,hcc,HCC202,0.238
CPD,hcc,HCC202,0.309
CFD,hcc,HCC202,0.279
INS,hcc,HCC202,0.097
CNA,hcc,HCC211,0.879
CPA,hcc,HCC211,1.022
CFA,hcc,HCC211,1.981
CND,hcc,HCC211,0.878
CPD,hcc,HCC211,0.59
CFD,hcc,HCC211,1.418
INS,hcc,HCC211,1.57
CNA,hcc,HCC212,0.37
CPA,hcc,HCC212,0.409
CFA,hcc,HCC212,0.573
CND,hcc,HCC212,0.51
CPD,hcc,HCC212,0.493
CFD,hcc,HCC212,0.662
INS,hcc,HCC212,0.258
CNA,hcc,HCC213,0.37
CPA,hcc,HCC213,0.409
CFA,hcc,HCC213,0.573
CND,hcc,HCC213,0.51
CPD,hcc,HCC213,0.493
CFD,hcc,HCC213,0.662
INS,hcc,HCC213,0.258
CNA,hcc,HCC221,1.053
CPA,hcc,HCC221,0.88
CFA,hcc,HCC221,1.412
CND,hcc,HCC221,0.999
CPD,hcc,HCC221,1.371
CFD,hcc,HCC221,1.781
INS,hcc,HCC221,0.84
CNA,hcc,HCC222,2.505
CPA,hcc,HCC222,3.009
CFA,hcc,HCC222,2.927
CND,hcc,HCC222,5.77
CPD,hcc,HCC222,6.106
CFD,hcc,HCC222,6.612
INS,hcc,HCC222,0.826
CNA,hcc,HCC223,2.505
CPA,hcc,HCC223,3.009
CFA,hcc,HCC223,2.927
CND,hcc,HCC223,5.77
CPD,hcc,HCC223,6.106
CFD,hcc,HCC223,6.612
INS,hcc,HCC223,0.826
CNA,hcc,HCC224,0.36
CPA,hcc,HCC224,0.311
CFA,hcc,HCC224,0.406
CND,hcc,HCC224,0.442
CPD,hcc,HCC224,0.411
CFD,hcc,HCC224,0.537
INS,hcc,HCC224,0.217
CNA,hcc,HCC225,0.36
CPA,hcc,HCC225,0.311
CFA,hcc,HCC225,0.406
CND,hcc,HCC225,0.442
CPD,hcc,HCC225,0.411
CFD,hcc,HCC225,0.537
INS,hcc,HCC225,0.217
CNA,hcc,HCC226,0.36
CPA,hcc,HCC226,0.311
CFA,hcc,HCC226,0.406
CND,hcc,HCC226,0.442
CPD,hcc,HCC226,0.411
CFD,hcc,HCC226,0.537
INS,hcc,HCC226,0.217
CNA,hcc,HCC227,0.189
CPA,hcc,HCC227,0.145
CFA,hcc,HCC227,0.173
CND,hcc,HCC227,0.2
CPD,hcc,HCC227,0.186
CFD,hcc,HCC227,0.198
INS,hcc,HCC227,0.189
CNA,hcc,HCC228,0.252
CPA,hcc,HCC228,0.324
CFA,hcc,HCC228,0.493
CND,hcc,HCC228,0.254
CPD,hcc,HCC228,0.407
CFD,hcc,HCC228,0.517
INS,hcc,HCC228,0.31
CNA,hcc,HCC229,0.24
CPA,hcc,HCC229,0.278
CFA,hcc,HCC229,0.325
CND,hcc,HCC229,0.254
CPD,hcc,HCC229,0.315
CFD,hcc,HCC229,0.458
INS,hcc,HCC229,0.31
CNA,hcc,HCC238,0.299
CPA,hcc,HCC238,0.293
CFA,hcc,HCC238,0.407
CND,hcc,HCC238,0.296
CPD,hcc,HCC238,0.261
CFD,hcc,HCC238,0.304
INS,hcc,HCC238,0.245
CNA,hcc,HCC248,0.239
CPA,hcc,HCC248,0.313
CFA,hcc,HCC248,0.377
CND,hcc,HCC248,0.18
CPD,hcc,HCC248,0.183
CFD,hcc,HCC248,0.332
INS,hcc,HCC248,0.081
CNA,hcc,HCC249,0.239
CPA,hcc,HCC249,0.299
CFA,hcc,HCC249,0.377
CND,hcc,HCC249,0.18
CPD,hcc,HCC249,0.172
CFD,hcc,HCC249,0.277
INS,hcc,HCC249,0.081
CNA,hcc,HCC253,0.387
CPA,hcc,HCC253,0.437
CFA,hcc,HCC253,0.437
CND,hcc,HCC253,0.32
CPD,hcc,HCC253,0.403
CFD,hcc,HCC253,0.39
INS,hcc,HCC253,0
CNA,hcc,HCC254,0.321
CPA,hcc,HCC254,0.29
CFA,hcc,HCC254,0.292
CND,hcc,HCC254,0.172
CPD,hcc,HCC254,0.335
CFD,hcc,HCC254,0.365
INS,hcc,HCC254,0
CNA,hcc,HCC263,1.118
CPA,hcc,HCC263,1.007
CFA,hcc,HCC263,1.432
CND,hcc,HCC263,1.066
CPD,hcc,HCC263,1.056
CFD,hcc,HCC263,1.276
INS,hcc,HCC263,0.696
CNA,hcc,HCC264,0.455
CPA,hcc,HCC264,0.513
CFA,hcc,HCC264,0.498
CND,hcc,HCC264,0.52
CPD,hcc,HCC264,0.622
CFD,hcc,HCC264,0.461
INS,hcc,HCC264,0.338
CNA,hcc,HCC267,0.294
CPA,hcc,HCC267,0.338
CFA,hcc,HCC267,0.445
CND,hcc,HCC267,0.431
CPD,hcc,HCC267,0.498
CFD,hcc,HCC267,0.568
INS,hcc,HCC267,0.245
CNA,hcc,HCC276,2.531
CPA,hcc,HCC276,2.961
CFA,hcc,HCC276,2.21
CND,hcc,HCC276,1.583
CPD,hcc,HCC276,1.277
CFD,hcc,HCC276,2.292
INS,hcc,HCC276,3.085
CNA,hcc,HCC277,0.998
CPA,hcc,HCC277,0.65
CFA,hcc,HCC277,1.34
CND,hcc,HCC277,2.818
CPD,hcc,HCC277,3.829
CFD,hcc,HCC277,3.76
INS,hcc,HCC277,0.873
CNA,hcc,HCC278,0.818
CPA,hcc,HCC278,0.65
CFA,hcc,HCC278,0.791
CND,hcc,HCC278,1.209
CPD,hcc,HCC278,0.937
CFD,hcc,HCC278,1.64
INS,hcc,HCC278,0.873
CNA,hcc,HCC279,0.818
CPA,hcc,HCC279,0.65
CFA,hcc,HCC279,0.594
CND,hcc,HCC279,0.842
CPD,hcc,HCC279,0.804
CFD,hcc,HCC279,0.808
INS,hcc,HCC279,0.873
CNA,hcc,HCC280,0.319
CPA,hcc,HCC280,0.321
CFA,hcc,HCC280,0.39
CND,hcc,HCC280,0.209
CPD,hcc,HCC280,0.234
CFD,hcc,HCC280,0.281
INS,hcc,HCC280,0.312
CNA,hcc,HCC282,0.44
CPA,hcc,HCC282,0.409
CFA,hcc,HCC282,0.538
CND,hcc,HCC282,0.362
CPD,hcc,HCC282,0.173
CFD,hcc,HCC282,0.269
INS,hcc,HCC282,0.353
CNA,hcc,HCC283,0.204
CPA,hcc,HCC283,0
CFA,hcc,HCC283,0.131
CND,hcc,HCC283,0
CPD,hcc,HCC283,0
CFD,hcc,HCC283,0.074
INS,hcc,HCC283,0
CNA,hcc,HCC298,0.336
CPA,hcc,HCC298,0.327
CFA,hcc,HCC298,0.323
CND,hcc,HCC298,0.364
CPD,hcc,HCC298,0.301
CFD,hcc,HCC298,0.319
INS,hcc,HCC298,0.545
CNA,hcc,HCC300,0.596
CPA,hcc,HCC300,0.459
CFA,hcc,HCC300,0.37
CND,hcc,HCC300,0.366
CPD,hcc,HCC300,0.38
CFD,hcc,HCC300,0.255
INS,hcc,HCC300,0.196
CNA,hcc,HCC326,0.815
CPA,hcc,HCC326,0.965
CFA,hcc,HCC326,0.985
CND,hcc,HCC326,0.927
CPD,hcc,HCC326,1.05
CFD,hcc,HCC326,0.946
INS,hcc,HCC326,0.958
CNA,hcc,HCC327,0.514
CPA,hcc,HCC327,0.484
CFA,hcc,HCC327,0.565
CND,hcc,HCC327,0.523
CPD,hcc,HCC327,0.447
CFD,hcc,HCC327,0.661
INS,hcc,HCC327,0.462
CNA,hcc,HCC328,0.127
CPA,hcc,HCC328,0.14
CFA,hcc,HCC328,0.116
CND,hcc,HCC328,0.179
CPD,hcc,HCC328,0.178
CFD,hcc,HCC328,0.181
INS,hcc,HCC328,0.145
CNA,hcc,HCC329,0.127
CPA,hcc,HCC329,0.14
CFA,hcc,HCC329,0.116
CND,hcc,HCC329,0.179
CPD,hcc,HCC329,0.178
CFD,hcc,HCC329,0.181
INS,hcc,HCC329,0.145
CNA,hcc,HCC379,1.965
CPA,hcc,HCC379,2.349
CFA,hcc,HCC379,2.58
CND,hcc,HCC379,2.14
CPD,hcc,HCC379,2.349
CFD,hcc,HCC379,2.57
INS,hcc,HCC379,1.42
CNA,hcc,HCC380,1.078
CPA,hcc,HCC380,1.268
CFA,hcc,HCC380,1.422
CND,hcc,HCC380,1.091
CPD,hcc,HCC380,1.378
CFD,hcc,HCC380,1.285
INS,hcc,HCC380,0.839
CNA,hcc,HCC381,1.075
CPA,hcc,HCC381,1.136
CFA,hcc,HCC381,1.379
CND,hcc,HCC381,1.091
CPD,hcc,HCC381,1.089
CFD,hcc,HCC381,1.192
INS,hcc,HCC381,0.423
CNA,hcc,HCC382,0.838
CPA,hcc,HCC382,0.845
CFA,hcc,HCC382,1.029
CND,hcc,HCC382,0.994
CPD,hcc,HCC382,0.937
CFD,hcc,HCC382,0.935
INS,hcc,HCC382,0.343
CNA,hcc,HCC383,0.646
CPA,hcc,HCC383,0.66
CFA,hcc,HCC383,0.89
CND,hcc,HCC383,0.707
CPD,hcc,HCC383,0.654
CFD,hcc,HCC383,0.707
INS,hcc,HCC383,0.343
CNA,hcc,HCC385,1.291
CPA,hcc,HCC385,0
CFA,hcc,HCC385,2.362
CND,hcc,HCC385,0.234
CPD,hcc,HCC385,0.204
CFD,hcc,HCC385,0.857
INS,hcc,HCC385,0
CNA,hcc,HCC387,0.406
CPA,hcc,HCC387,0.477
CFA,hcc,HCC387,0.658
CND,hcc,HCC387,0.302
CPD,hcc,HCC387,0.498
CFD,hcc,HCC387,0.622
INS,hcc,HCC387,0.125
CNA,hcc,HCC397,0.199
CPA,hcc,HCC397,0.128
CFA,hcc,HCC397,0.349
CND,hcc,HCC397,0.15
CPD,hcc,HCC397,0.052
CFD,hcc,HCC397,0.19
INS,hcc,HCC397,0.085
CNA,hcc,HCC398,0.199
CPA,hcc,HCC398,0.128
CFA,hcc,HCC398,0.349
CND,hcc,HCC398,0.15
CPD,hcc,HCC398,0.052
CFD,hcc,HCC398,0.19
INS,hcc,HCC398,0.085
CNA,hcc,HCC399,0.199
CPA,hcc,HCC399,0.128
CFA,hcc,HCC399,0.349
CND,hcc,HCC399,0.15
CPD,hcc,HCC399,0.052
CFD,hcc,HCC399,0.19
INS,hcc,HCC399,0.085
CNA,hcc,HCC401,0.522
CPA,hcc,HCC401,0.538
CFA,hcc,HCC401,0.622
CND,hcc,HCC401,0.605
CPD,hcc,HCC401,0.412
CFD,hcc,HCC401,0.559
INS,hcc,HCC401,0.231
CNA,hcc,HCC402,0.467
CPA,hcc,HCC402,0.499
CFA,hcc,HCC402,0.561
CND,hcc,HCC402,0.561
CPD,hcc,HCC402,0.527
CFD,hcc,HCC402,0.57
INS,hcc,HCC402,0.089
CNA,hcc,HCC405,0.598
CPA,hcc,HCC405,0.639
CFA,hcc,HCC405,0.799
CND,hcc,HCC405,0.577
CPD,hcc,HCC405,0.698
CFD,hcc,HCC405,0.844
INS,hcc,HCC405,0.284
CNA,hcc,HCC409,0.598
CPA,hcc,HCC409,0.604
CFA,hcc,HCC409,0.799
CND,hcc,HCC409,0.562
CPD,hcc,HCC409,0.623
CFD,hcc,HCC409,0.844
INS,hcc,HCC409,0.284
CNA,hcc,HCC454,1.068
CPA,hcc,HCC454,1.338
CFA,hcc,HCC454,1.326
CND,hcc,HCC454,0.452
CPD,hcc,HCC454,0.416
CFD,hcc,HCC454,0.608
INS,hcc,HCC454,1.596
CNA,hcc,HCC463,0.673
CPA,hcc,HCC463,0.526
CFA,hcc,HCC463,0.891
CND,hcc,HCC463,0.914
CPD,hcc,HCC463,0.853
CFD,hcc,HCC463,0.947
INS,hcc,HCC463,0.634
CNA,payment_hcc_count,D1,0
CPA,payment_hcc_count,D1,0
CFA,payment_hcc_count,D1,0
CND,payment_hcc_count,D1,0
CPD,payment_hcc_count,D1,0
CFD,payment_hcc_count,D1,0
INS,payment_hcc_count,D1,0
CNA,payment_hcc_count,D2,0
CPA,payment_hcc_count,D2,0
CFA,payment_hcc_count,D2,0
CND,payment_hcc_count,D2,0
CPD,payment_hcc_count,D2,0
CFD,payment_hcc_count,D2,0
INS,payment_hcc_count,D2,0
CNA,payment_hcc_count,D3,0
CPA,payment_hcc_count,D3,0
CFA,payment_hcc_count,D3,0
CND,payment_hcc_count,D3,0
CPD,payment_hcc_count,D3,0
CFD,payment_hcc_count,D3,0
INS,payment_hcc_count,D3,0
CNA,payment_hcc_count,D4,0
CPA,payment_hcc_count,D4,0
CFA,payment_hcc_count,D4,0
CND,payment_hcc_count,D4,0
CPD,payment_hcc_count,D4,0
CFD,payment_hcc_count,D4,0
INS,payment_hcc_count,D4,0
CNA,payment_hcc_count,D5,0.05
CPA,payment_hcc_count,D5,0.016
CFA,payment_hcc_count,D5,0.049
CND,payment_hcc_count,D5,0.088
CPD,payment_hcc_count,D5,0.105
CFD,payment_hcc_count,D5,0.095
INS,payment_hcc_count,D5,0
CNA,payment_hcc_count,D6,0.102
CPA,payment_hcc_count,D6,0.096
CFA,payment_hcc_count,D6,0.071
CND,payment_hcc_count,D6,0.223
CPD,payment_hcc_count,D6,0.191
CFD,payment_hcc_count,D6,0.245
INS,payment_hcc_count,D6,0
CNA,payment_hcc_count,D7,0.188
CPA,payment_hcc_count,D7,0.207
CFA,payment_hcc_count,D7,0.16
CND,payment_hcc_count,D7,0.38
CPD,payment_hcc_count,D7,0.435
CFD,payment_hcc_count,D7,0.472
INS,payment_hcc_count,D7,0
CNA,payment_hcc_count,D8,0.316
CPA,payment_hcc_count,D8,0.345
CFA,payment_hcc_count,D8,0.267
CND,payment_hcc_count,D8,0.44
CPD,payment_hcc_count,D8,0.581
CFD,payment_hcc_count,D8,0.607
INS,payment_hcc_count,D8,0
CNA,payment_hcc_count,D9,0.444
CPA,payment_hcc_count,D9,0.345
CFA,payment_hcc_count,D9,0.353
CND,payment_hcc_count,D9,0.75
CPD,payment_hcc_count,D9,0.823
CFD,payment_hcc_count,D9,0.841
INS,payment_hcc_count,D9,0
CNA,payment_hcc_count,D10P,0.728
CPA,payment_hcc_count,D10P,0.901
CFA,payment_hcc_count,D10P,0.746
CND,payment_hcc_count,D10P,1.431
CPD,payment_hcc_count,D10P,1.268
CFD,payment_hcc_count,D10P,1.471
INS,payment_hcc_count,D10P,0.373
CNA,disease_interaction,DIABETES_HF_V28,0.112
CPA,disease_interaction,DIABETES_HF_V28,0.164
CFA,disease_interaction,DIABETES_HF_V28,0.183
CND,disease_interaction,DIABETES_HF_V28,0.023
CPD,disease_interaction,DIABETES_HF_V28,0.053
CFD,disease_interaction,DIABETES_HF_V28,0.041
INS,disease_interaction,DIABETES_HF_V28,0.209
CNA,disease_interaction,HF_CHR_LUNG_V28,0.078
CPA,disease_interaction,HF_CHR_LUNG_V28,0.14
CFA,disease_interaction,HF_CHR_LUNG_V28,0.109
CND,disease_interaction,HF_CHR_LUNG_V28,0.062
CPD,disease_interaction,HF_CHR_LUNG_V28,0.108
CFD,disease_interaction,HF_CHR_LUNG_V28,0.097
INS,disease_interaction,HF_CHR_LUNG_V28,0.145
CNA,disease_interaction,HF_KIDNEY_V28,0.176
CPA,disease_interaction,HF_KIDNEY_V28,0.14
CFA,disease_interaction,HF_KIDNEY_V28,0.194
CND,disease_interaction,HF_KIDNEY_V28,0.314
CPD,disease_interaction,HF_KIDNEY_V28,0.328
CFD,disease_interaction,HF_KIDNEY_V28,0.42
INS,disease_interaction,HF_KIDNEY_V28,0
CNA,disease_interaction,CHR_LUNG_CARD_RESP_FAIL_V28,0.254
CPA,disease_interaction,CHR_LUNG_CARD_RESP_FAIL_V28,0.329
CFA,disease_interaction,CHR_LUNG_CARD_RESP_FAIL_V28,0.34
CND,disease_interaction,CHR_LUNG_CARD_RESP_FAIL_V28,0.242
CPD,disease_interaction,CHR_LUNG_CARD_RESP_FAIL_V28,0.27
CFD,disease_interaction,CHR_LUNG_CARD_RESP_FAIL_V28,0.275
INS,disease_interaction,CHR_LUNG_CARD_RESP_FAIL_V28,0.331
CNA,disease_interaction,HF_HCC238_V28,0.077
CPA,disease_interaction,HF_HCC238_V28,0.135
CFA,disease_interaction,HF_HCC238_V28,0.14
CND,disease_interaction,HF_HCC238_V28,0.257
CPD,disease_interaction,HF_HCC238_V28,0.314
CFD,disease_interaction,HF_HCC238_V28,0.372
CND,disease_interaction,gSubUseDisorder_gPsych_V28,0.087
CPD,disease_interaction,gSubUseDisorder_gPsych_V28,0.149
CFD,disease_interaction,gSubUseDisorder_gPsych_V28,0.152
INS,disease_interaction,DISABLED_CANCER_V28,0.367
INS,disease_interaction,DISABLED_NEURO_V28,0.154
INS,disease_interaction,DISABLED_HF_V28,0.488
INS,disease_interaction,DISABLED_CHR_LUNG_V28,0.278
INS,disease_interaction,DISABLED_ULCER_V28,0.537
NE,demographic,NMCAID_NORIGDIS_NEF0_34,0.711
SNPNE,demographic,NMCAID_NORIGDIS_NEF0_34,1.332
NE,demographic,NMCAID_NORIGDIS_NEF35_44,0.95
SNPNE,demographic,NMCAID_NORIGDIS_NEF35_44,1.332
NE,demographic,NMCAID_NORIGDIS_NEF45_54,1.155
SNPNE,demographic,NMCAID_NORIGDIS_NEF45_54,1.536
NE,demographic,NMCAID_NORIGDIS_NEF55_59,1.152
SNPNE,demographic,NMCAID_NORIGDIS_NEF55_59,1.536
NE,demographic,NMCAID_NORIGDIS_NEF60_64,1.212
SNPNE,demographic,NMCAID_NORIGDIS_NEF60_64,1.628
NE,demographic,NMCAID_NORIGDIS_NEF65,0.532
SNPNE,demographic,NMCAID_NORIGDIS_NEF65,0.9
NE,demographic,NMCAID_NORIGDIS_NEF66,0.532
SNPNE,demographic,NMCAID_NORIGDIS_NEF66,0.9
NE,demographic,NMCAID_NORIGDIS_NEF67,0.557
SNPNE,demographic,NMCAID_NORIGDIS_NEF67,0.94
NE,demographic,NMCAID_NORIGDIS_NEF68,0.584
SNPNE,demographic,NMCAID_NORIGDIS_NEF68,1.004
NE,demographic,NMCAID_NORIGDIS_NEF69,0.625
SNPNE,demographic,NMCAID_NORIGDIS_NEF69,1.02
NE,demographic,NMCAID_NORIGDIS_NEF70_74,0.694
SNPNE,demographic,NMCAID_NORIGDIS_NEF70_74,1.195
NE,demographic,NMCAID_NORIGDIS_NEF75_79,0.901
SNPNE,demographic,NMCAID_NORIGDIS_NEF75_79,1.419
NE,demographic,NMCAID_NORIGDIS_NEF80_84,0.988
SNPNE,demographic,NMCAID_NORIGDIS_NEF80_84,1.612
NE,demographic,NMCAID_NORIGDIS_NEF85_89,1.287
SNPNE,demographic,NMCAID_NORIGDIS_NEF85_89,1.833
NE,demographic,NMCAID_NORIGDIS_NEF90_94,1.287
SNPNE,demographic,NMCAID_NORIGDIS_NEF90_94,2.016
NE,demographic,NMCAID_NORIGDIS_NEF95_GT,1.287
SNPNE,demographic,NMCAID_NORIGDIS_NEF95_GT,2.016
NE,demographic,NMCAID_NORIGDIS_NEM0_34,0.409
SNPNE,demographic,NMCAID_NORIGDIS_NEM0_34,1.206
NE,demographic,NMCAID_NORIGDIS_NEM35_44,0.669
SNPNE,demographic,NMCAID_NORIGDIS_NEM35_44,1.206
NE,demographic,NMCAID_NORIGDIS_NEM45_54,0.906
SNPNE,demographic,NMCAID_NORIGDIS_NEM45_54,1.472
NE,demographic,NMCAID_NORIGDIS_NEM55_59,0.984
SNPNE,demographic,NMCAID_NORIGDIS_NEM55_59,1.552
NE,demographic,NMCAID_NORIGDIS_NEM60_64,1.057
SNPNE,demographic,NMCAID_NORIGDIS_NEM60_64,1.642
NE,demographic,NMCAID_NORIGDIS_NEM65,0.567
SNPNE,demographic,NMCAID_NORIGDIS_NEM65,0.944
NE,demographic,NMCAID_NORIGDIS_NEM66,0.576
SNPNE,demographic,NMCAID_NORIGDIS_NEM66,0.944
NE,demographic,NMCAID_NORIGDIS_NEM67,0.617
SNPNE,demographic,NMCAID_NORIGDIS_NEM67,0.985
NE,demographic,NMCAID_NORIGDIS_NEM68,0.678
SNPNE,demographic,NMCAID_NORIGDIS_NEM68,1.005
NE,demographic,NMCAID_NORIGDIS_NEM69,0.684
SNPNE,demographic,NMCAID_NORIGDIS_NEM69,1.065
NE,demographic,NMCAID_NORIGDIS_NEM70_74,0.808
SNPNE,demographic,NMCAID_NORIGDIS_NEM70_74,1.216
NE,demographic,NMCAID_NORIGDIS_NEM75_79,1.049
SNPNE,demographic,NMCAID_NORIGDIS_NEM75_79,1.496
NE,demographic,NMCAID_NORIGDIS_NEM80_84,1.245
SNPNE,demographic,NMCAID_NORIGDIS_NEM80_84,1.704
NE,demographic,NMCAID_NORIGDIS_NEM85_89,1.516
SNPNE,demographic,NMCAID_NORIGDIS_NEM85_89,1.924
NE,demographic,NMCAID_NORIGDIS_NEM90_94,1.516
SNPNE,demographic,NMCAID_NORIGDIS_NEM90_94,2.142
NE,demographic,NMCAID_NORIGDIS_NEM95_GT,1.516
SNPNE,demographic,NMCAID_NORIGDIS_NEM95_GT,2.142
NE,demographic,MCAID_NORIGDIS_NEF0_34,1.025
SNPNE,demographic,MCAID_NORIGDIS_NEF0_34,1.655
NE,demographic,MCAID_NORIGDIS_NEF35_44,1.303
SNPNE,demographic,MCAID_NORIGDIS_NEF35_44,1.655
NE,demographic,MCAID_NORIGDIS_NEF45_54,1.415
SNPNE,demographic,MCAID_NORIGDIS_NEF45_54,1.965
NE,demographic,MCAID_NORIGDIS_NEF55_59,1.289
SNPNE,demographic,MCAID_NORIGDIS_NEF55_59,1.989
NE,demographic,MCAID_NORIGDIS_NEF60_64,1.396
SNPNE,demographic,MCAID_NORIGDIS_NEF60_64,2.03
NE,demographic,MCAID_NORIGDIS_NEF65,0.986
SNPNE,demographic,MCAID_NORIGDIS_NEF65,1.285
NE,demographic,MCAID_NORIGDIS_NEF66,0.99
SNPNE,demographic,MCAID_NORIGDIS_NEF66,1.285
NE,demographic,MCAID_NORIGDIS_NEF67,1.004
SNPNE,demographic,MCAID_NORIGDIS_NEF67,1.351
NE,demographic,MCAID_NORIGDIS_NEF68,1.004
SNPNE,demographic,MCAID_NORIGDIS_NEF68,1.351
NE,demographic,MCAID_NORIGDIS_NEF69,1.004
SNPNE,demographic,MCAID_NORIGDIS_NEF69,1.467
NE,demographic,MCAID_NORIGDIS_NEF70_74,1.043
SNPNE,demographic,MCAID_NORIGDIS_NEF70_74,1.634
NE,demographic,MCAID_NORIGDIS_NEF75_79,1.128
SNPNE,demographic,MCAID_NORIGDIS_NEF75_79,1.885
NE,demographic,MCAID_NORIGDIS_NEF80_84,1.342
SNPNE,demographic,MCAID_NORIGDIS_NEF80_84,2.061
NE,demographic,MCAID_NORIGDIS_NEF85_89,1.563
SNPNE,demographic,MCAID_NORIGDIS_NEF85_89,2.25
NE,demographic,MCAID_NORIGDIS_NEF90_94,1.712
SNPNE,demographic,MCAID_NORIGDIS_NEF90_94,2.4
NE,demographic,MCAID_NORIGDIS_NEF95_GT,1.712
SNPNE,demographic,MCAID_NORIGDIS_NEF95_GT,2.4
NE,demographic,MCAID_NORIGDIS_NEM0_34,0.738
SNPNE,demographic,MCAID_NORIGDIS_NEM0_34,1.485
NE,demographic,MCAID_NORIGDIS_NEM35_44,1.264
SNPNE,demographic,MCAID_NORIGDIS_NEM35_44,1.485
NE,demographic,MCAID_NORIGDIS_NEM45_54,1.42
SNPNE,demographic,MCAID_NORIGDIS_NEM45_54,1.845
NE,demographic,MCAID_NORIGDIS_NEM55_59,1.477
SNPNE,demographic,MCAID_NORIGDIS_NEM55_59,1.994
NE,demographic,MCAID_NORIGDIS_NEM60_64,1.542
SNPNE,demographic,MCAID_NORIGDIS_NEM60_64,2.035
NE,demographic,MCAID_NORIGDIS_NEM65,1.182
SNPNE,demographic,MCAID_NORIGDIS_NEM65,1.422
NE,demographic,MCAID_NORIGDIS_NEM66,1.234
SNPNE,demographic,MCAID_NORIGDIS_NEM66,1.422
NE,demographic,MCAID_NORIGDIS_NEM67,1.319
SNPNE,demographic,MCAID_NORIGDIS_NEM67,1.477
NE,demographic,MCAID_NORIGDIS_NEM68,1.367
SNPNE,demographic,MCAID_NORIGDIS_NEM68,1.477
NE,demographic,MCAID_NORIGDIS_NEM69,1.455
SNPNE,demographic,MCAID_NORIGDIS_NEM69,1.477
NE,demographic,MCAID_NORIGDIS_NEM70_74,1.455
SNPNE,demographic,MCAID_NORIGDIS_NEM70_74,1.735
NE,demographic,MCAID_NORIGDIS_NEM75_79,1.455
SNPNE,demographic,MCAID_NORIGDIS_NEM75_79,1.952
NE,demographic,MCAID_NORIGDIS_NEM80_84,1.503
SNPNE,demographic,MCAID_NORIGDIS_NEM80_84,2.194
NE,demographic,MCAID_NORIGDIS_NEM85_89,1.682
SNPNE,demographic,MCAID_NORIGDIS_NEM85_89,2.403
NE,demographic,MCAID_NORIGDIS_NEM90_94,1.981
SNPNE,demographic,MCAID_NORIGDIS_NEM90_94,2.403
NE,demographic,MCAID_NORIGDIS_NEM95_GT,1.981
SNPNE,demographic,MCAID_NORIGDIS_NEM95_GT,2.403
NE,demographic,NMCAID_ORIGDIS_NEF65,1.212
SNPNE,demographic,NMCAID_ORIGDIS_NEF65,1.708
NE,demographic,NMCAID_ORIGDIS_NEF66,1.276
SNPNE,demographic,NMCAID_ORIGDIS_NEF66,1.708
NE,demographic,NMCAID_ORIGDIS_NEF67,1.276
SNPNE,demographic,NMCAID_ORIGDIS_NEF67,1.719
NE,demographic,NMCAID_ORIGDIS_NEF68,1.276
SNPNE,demographic,NMCAID_ORIGDIS_NEF68,1.745
NE,demographic,NMCAID_ORIGDIS_NEF69,1.276
SNPNE,demographic,NMCAID_ORIGDIS_NEF69,1.755
NE,demographic,NMCAID_ORIGDIS_NEF70_74,1.276
SNPNE,demographic,NMCAID_ORIGDIS_NEF70_74,1.929
NE,demographic,NMCAID_ORIGDIS_NEF75_79,1.276
SNPNE,demographic,NMCAID_ORIGDIS_NEF75_79,2.032
NE,demographic,NMCAID_ORIGDIS_NEF80_84,1.276
SNPNE,demographic,NMCAID_ORIGDIS_NEF80_84,2.239
NE,demographic,NMCAID_ORIGDIS_NEF85_89,1.287
SNPNE,demographic,NMCAID_ORIGDIS_NEF85_89,2.239
NE,demographic,NMCAID_ORIGDIS_NEF90_94,1.287
SNPNE,demographic,NMCAID_ORIGDIS_NEF90_94,2.239
NE,demographic,NMCAID_ORIGDIS_NEF95_GT,1.287
SNPNE,demographic,NMCAID_ORIGDIS_NEF95_GT,2.239
NE,demographic,NMCAID_ORIGDIS_NEM65,1.057
SNPNE,demographic,NMCAID_ORIGDIS_NEM65,1.642
NE,demographic,NMCAID_ORIGDIS_NEM66,1.155
SNPNE,demographic,NMCAID_ORIGDIS_NEM66,1.659
NE,demographic,NMCAID_ORIGDIS_NEM67,1.155
SNPNE,demographic,NMCAID_ORIGDIS_NEM67,1.659
NE,demographic,NMCAID_ORIGDIS_NEM68,1.155
SNPNE,demographic,NMCAID_ORIGDIS_NEM68,1.659
NE,demographic,NMCAID_ORIGDIS_NEM69,1.297
SNPNE,demographic,NMCAID_ORIGDIS_NEM69,1.677
NE,demographic,NMCAID_ORIGDIS_NEM70_74,1.297
SNPNE,demographic,NMCAID_ORIGDIS_NEM70_74,1.807
NE,demographic,NMCAID_ORIGDIS_NEM75_79,1.297
SNPNE,demographic,NMCAID_ORIGDIS_NEM75_79,2.039
NE,demographic,NMCAID_ORIGDIS_NEM80_84,1.297
SNPNE,demographic,NMCAID_ORIGDIS_NEM80_84,2.155
NE,demographic,NMCAID_ORIGDIS_NEM85_89,1.516
SNPNE,demographic,NMCAID_ORIGDIS_NEM85_89,2.346
NE,demographic,NMCAID_ORIGDIS_NEM90_94,1.516
SNPNE,demographic,NMCAID_ORIGDIS_NEM90_94,2.346
NE,demographic,NMCAID_ORIGDIS_NEM95_GT,1.516
SNPNE,demographic,NMCAID_ORIGDIS_NEM95_GT,2.346
NE,demographic,MCAID_ORIGDIS_NEF65,1.599
SNPNE,demographic,MCAID_ORIGDIS_NEF65,2.085
NE,demographic,MCAID_ORIGDIS_NEF66,1.599
SNPNE,demographic,MCAID_ORIGDIS_NEF66,2.085
NE,demographic,MCAID_ORIGDIS_NEF67,1.599
SNPNE,demographic,MCAID_ORIGDIS_NEF67,2.148
NE,demographic,MCAID_ORIGDIS_NEF68,2.021
SNPNE,demographic,MCAID_ORIGDIS_NEF68,2.148
NE,demographic,MCAID_ORIGDIS_NEF69,2.021
SNPNE,demographic,MCAID_ORIGDIS_NEF69,2.233
NE,demographic,MCAID_ORIGDIS_NEF70_74,2.021
SNPNE,demographic,MCAID_ORIGDIS_NEF70_74,2.295
NE,demographic,MCAID_ORIGDIS_NEF75_79,2.021
SNPNE,demographic,MCAID_ORIGDIS_NEF75_79,2.484
NE,demographic,MCAID_ORIGDIS_NEF80_84,2.021
SNPNE,demographic,MCAID_ORIGDIS_NEF80_84,2.735
NE,demographic,MCAID_ORIGDIS_NEF85_89,2.021
SNPNE,demographic,MCAID_ORIGDIS_NEF85_89,2.735
NE,demographic,MCAID_ORIGDIS_NEF90_94,2.021
SNPNE,demographic,MCAID_ORIGDIS_NEF90_94,2.735
NE,demographic,MCAID_ORIGDIS_NEF95_GT,2.021
SNPNE,demographic,MCAID_ORIGDIS_NEF95_GT,2.735
NE,demographic,MCAID_ORIGDIS_NEM65,1.727
SNPNE,demographic,MCAID_ORIGDIS_NEM65,2.035
NE,demographic,MCAID_ORIGDIS_NEM66,1.959
SNPNE,demographic,MCAID_ORIGDIS_NEM66,2.15
NE,demographic,MCAID_ORIGDIS_NEM67,1.959
SNPNE,demographic,MCAID_ORIGDIS_NEM67,2.195
NE,demographic,MCAID_ORIGDIS_NEM68,1.959
SNPNE,demographic,MCAID_ORIGDIS_NEM68,2.195
NE,demographic,MCAID_ORIGDIS_NEM69,1.959
SNPNE,demographic,MCAID_ORIGDIS_NEM69,2.246
NE,demographic,MCAID_ORIGDIS_NEM70_74,1.959
SNPNE,demographic,MCAID_ORIGDIS_NEM70_74,2.316
NE,demographic,MCAID_ORIGDIS_NEM75_79,2.813
SNPNE,demographic,MCAID_ORIGDIS_NEM75_79,2.487
NE,demographic,MCAID_ORIGDIS_NEM80_84,2.813
SNPNE,demographic,MCAID_ORIGDIS_NEM80_84,2.573
NE,demographic,MCAID_ORIGDIS_NEM85_89,2.813
SNPNE,demographic,MCAID_ORIGDIS_NEM85_89,2.573
NE,demographic,MCAID_ORIGDIS_NEM90_94,2.813
SNPNE,demographic,MCAID_ORIGDIS_NEM90_94,2.573
NE,demographic,MCAID_ORIGDIS_NEM95_GT,2.813
SNPNE,demographic,MCAID_ORIGDIS_NEM95_GT,2.573
